
![assignments](https://github.com/shreeshailaya/c-dac/blob/main/Database%20technologies/Media/Assignments/3-6.png)
![assignments](https://github.com/shreeshailaya/c-dac/blob/main/Database%20technologies/Media/Assignments/3-6-1.png)
![assignments](https://github.com/shreeshailaya/c-dac/blob/main/Database%20technologies/Media/Assignments/3-6-2.png)

mysql> select * from EMP;
+-------+--------+-----------+------+------------+---------+---------+--------+
| EMPNO | ENAME  | JOB       | MGR  | HIREDATE   | SAL     | COMM    | DEPTNO |
+-------+--------+-----------+------+------------+---------+---------+--------+
|  7369 | SMITH  | CLERK     | 7902 | 1980-12-17 |  800.00 |    NULL |     20 |
|  7499 | ALLEN  | SALESMAN  | 7698 | 1981-02-20 | 1600.00 |  300.00 |     30 |
|  7521 | WARD   | SALESMAN  | 7698 | 1981-02-22 | 1250.00 |  500.00 |     30 |
|  7566 | JONES  | MANAGER   | 7839 | 1981-04-02 | 2975.00 |    NULL |     20 |
|  7654 | MARTIN | SALESMAN  | 7698 | 1981-09-28 | 1250.00 | 1400.00 |     30 |
|  7698 | BLAKE  | MANAGER   | 7839 | 1981-05-01 | 2850.00 |    NULL |     30 |
|  7782 | CLARK  | MANAGER   | 7839 | 1981-06-09 | 2450.00 |    NULL |     10 |
|  7788 | SCOTT  | ANALYST   | 7566 | 1982-12-09 | 3000.00 |    NULL |     20 |
|  7839 | KING   | PRESIDENT | NULL | 1981-11-17 | 5000.00 |    NULL |     10 |
|  7844 | TURNER | SALESMAN  | 7698 | 1981-09-08 | 1500.00 |    0.00 |     30 |
|  7876 | ADAMS  | CLERK     | 7788 | 1983-01-12 | 1100.00 |    NULL |     20 |
|  7900 | JAMES  | CLERK     | 7698 | 1981-12-03 |  950.00 |    NULL |     30 |
|  7902 | FORD   | ANALYST   | 7566 | 1981-12-03 | 3000.00 |    NULL |     20 |
|  7934 | MILLER | CLERK     | 7782 | 1982-01-23 | 1300.00 |    NULL |     10 |
+-------+--------+-----------+------+------------+---------+---------+--------+
14 rows in set (0.05 sec)



### 1 
mysql>  select * from EMP where SAL>2000 or COMM>200;
+-------+--------+-----------+------+------------+---------+---------+--------+
| EMPNO | ENAME  | JOB       | MGR  | HIREDATE   | SAL     | COMM    | DEPTNO |
+-------+--------+-----------+------+------------+---------+---------+--------+
|  7499 | ALLEN  | SALESMAN  | 7698 | 1981-02-20 | 1600.00 |  300.00 |     30 |
|  7521 | WARD   | SALESMAN  | 7698 | 1981-02-22 | 1250.00 |  500.00 |     30 |
|  7566 | JONES  | MANAGER   | 7839 | 1981-04-02 | 2975.00 |    NULL |     20 |
|  7654 | MARTIN | SALESMAN  | 7698 | 1981-09-28 | 1250.00 | 1400.00 |     30 |
|  7698 | BLAKE  | MANAGER   | 7839 | 1981-05-01 | 2850.00 |    NULL |     30 |
|  7782 | CLARK  | MANAGER   | 7839 | 1981-06-09 | 2450.00 |    NULL |     10 |
|  7788 | SCOTT  | ANALYST   | 7566 | 1982-12-09 | 3000.00 |    NULL |     20 |
|  7839 | KING   | PRESIDENT | NULL | 1981-11-17 | 5000.00 |    NULL |     10 |
|  7902 | FORD   | ANALYST   | 7566 | 1981-12-03 | 3000.00 |    NULL |     20 |
+-------+--------+-----------+------+------------+---------+---------+--------+
9 rows in set (0.00 sec)

### 2
mysql> select * from EMP where JOB='Clerk' or SAL > 2000;
+-------+--------+-----------+------+------------+---------+------+--------+
| EMPNO | ENAME  | JOB       | MGR  | HIREDATE   | SAL     | COMM | DEPTNO |
+-------+--------+-----------+------+------------+---------+------+--------+
|  7369 | SMITH  | CLERK     | 7902 | 1980-12-17 |  800.00 | NULL |     20 |
|  7566 | JONES  | MANAGER   | 7839 | 1981-04-02 | 2975.00 | NULL |     20 |
|  7698 | BLAKE  | MANAGER   | 7839 | 1981-05-01 | 2850.00 | NULL |     30 |
|  7782 | CLARK  | MANAGER   | 7839 | 1981-06-09 | 2450.00 | NULL |     10 |
|  7788 | SCOTT  | ANALYST   | 7566 | 1982-12-09 | 3000.00 | NULL |     20 |
|  7839 | KING   | PRESIDENT | NULL | 1981-11-17 | 5000.00 | NULL |     10 |
|  7876 | ADAMS  | CLERK     | 7788 | 1983-01-12 | 1100.00 | NULL |     20 |
|  7900 | JAMES  | CLERK     | 7698 | 1981-12-03 |  950.00 | NULL |     30 |
|  7902 | FORD   | ANALYST   | 7566 | 1981-12-03 | 3000.00 | NULL |     20 |
|  7934 | MILLER | CLERK     | 7782 | 1982-01-23 | 1300.00 | NULL |     10 |
+-------+--------+-----------+------+------------+---------+------+--------+
10 rows in set (0.00 sec)

### 3
mysql> select * from EMP where SAL=1250 or SAL= 1100 or SAL=2850;
- or 
mysql> select * from EMP where SAL in (1250,1100,2850);

+-------+--------+----------+------+------------+---------+---------+--------+
| EMPNO | ENAME  | JOB      | MGR  | HIREDATE   | SAL     | COMM    | DEPTNO |
+-------+--------+----------+------+------------+---------+---------+--------+
|  7521 | WARD   | SALESMAN | 7698 | 1981-02-22 | 1250.00 |  500.00 |     30 |
|  7654 | MARTIN | SALESMAN | 7698 | 1981-09-28 | 1250.00 | 1400.00 |     30 |
|  7698 | BLAKE  | MANAGER  | 7839 | 1981-05-01 | 2850.00 |    NULL |     30 |
|  7876 | ADAMS  | CLERK    | 7788 | 1983-01-12 | 1100.00 |    NULL |     20 |
+-------+--------+----------+------+------------+---------+---------+--------+
4 rows in set (0.00 sec)

### 4
mysql> select * from EMP where SAL>=1250 and SAL<=2850;
- or 
select * from EMP where SAL between 1250 and 2850;

+-------+--------+----------+------+------------+---------+---------+--------+
| EMPNO | ENAME  | JOB      | MGR  | HIREDATE   | SAL     | COMM    | DEPTNO |
+-------+--------+----------+------+------------+---------+---------+--------+
|  7499 | ALLEN  | SALESMAN | 7698 | 1981-02-20 | 1600.00 |  300.00 |     30 |
|  7521 | WARD   | SALESMAN | 7698 | 1981-02-22 | 1250.00 |  500.00 |     30 |
|  7654 | MARTIN | SALESMAN | 7698 | 1981-09-28 | 1250.00 | 1400.00 |     30 |
|  7698 | BLAKE  | MANAGER  | 7839 | 1981-05-01 | 2850.00 |    NULL |     30 |
|  7782 | CLARK  | MANAGER  | 7839 | 1981-06-09 | 2450.00 |    NULL |     10 |
|  7844 | TURNER | SALESMAN | 7698 | 1981-09-08 | 1500.00 |    0.00 |     30 |
|  7934 | MILLER | CLERK    | 7782 | 1982-01-23 | 1300.00 |    NULL |     10 |
+-------+--------+----------+------+------------+---------+---------+--------+
7 rows in set (0.00 sec)

### 5
mysql> select * from EMP where ENAME like "%TH";
+-------+-------+-------+------+------------+--------+------+--------+
| EMPNO | ENAME | JOB   | MGR  | HIREDATE   | SAL    | COMM | DEPTNO |
+-------+-------+-------+------+------------+--------+------+--------+
|  7369 | SMITH | CLERK | 7902 | 1980-12-17 | 800.00 | NULL |     20 |
+-------+-------+-------+------+------------+--------+------+--------+
1 row in set (0.00 sec)

### 6
mysql> select * from EMP where JOB like "C%K";
+-------+--------+-------+------+------------+---------+------+--------+
| EMPNO | ENAME  | JOB   | MGR  | HIREDATE   | SAL     | COMM | DEPTNO |
+-------+--------+-------+------+------------+---------+------+--------+
|  7369 | SMITH  | CLERK | 7902 | 1980-12-17 |  800.00 | NULL |     20 |
|  7876 | ADAMS  | CLERK | 7788 | 1983-01-12 | 1100.00 | NULL |     20 |
|  7900 | JAMES  | CLERK | 7698 | 1981-12-03 |  950.00 | NULL |     30 |
|  7934 | MILLER | CLERK | 7782 | 1982-01-23 | 1300.00 | NULL |     10 |
+-------+--------+-------+------+------------+---------+------+--------+
4 rows in set (0.00 sec)

### 7
mysql> select * from EMP where JOB like "__L%M__";
+-------+--------+----------+------+------------+---------+---------+--------+
| EMPNO | ENAME  | JOB      | MGR  | HIREDATE   | SAL     | COMM    | DEPTNO |
+-------+--------+----------+------+------------+---------+---------+--------+
|  7499 | ALLEN  | SALESMAN | 7698 | 1981-02-20 | 1600.00 |  300.00 |     30 |
|  7521 | WARD   | SALESMAN | 7698 | 1981-02-22 | 1250.00 |  500.00 |     30 |
|  7654 | MARTIN | SALESMAN | 7698 | 1981-09-28 | 1250.00 | 1400.00 |     30 |
|  7844 | TURNER | SALESMAN | 7698 | 1981-09-08 | 1500.00 |    0.00 |     30 |
+-------+--------+----------+------+------------+---------+---------+--------+
4 rows in set (0.00 sec)

### 8
mysql> select * from EMP where SAL!=1250 and sal!=1100 and sal!=2850;
+-------+--------+-----------+------+------------+---------+--------+--------+
| EMPNO | ENAME  | JOB       | MGR  | HIREDATE   | SAL     | COMM   | DEPTNO |
+-------+--------+-----------+------+------------+---------+--------+--------+
|  7369 | SMITH  | CLERK     | 7902 | 1980-12-17 |  800.00 |   NULL |     20 |
|  7499 | ALLEN  | SALESMAN  | 7698 | 1981-02-20 | 1600.00 | 300.00 |     30 |
|  7566 | JONES  | MANAGER   | 7839 | 1981-04-02 | 2975.00 |   NULL |     20 |
|  7782 | CLARK  | MANAGER   | 7839 | 1981-06-09 | 2450.00 |   NULL |     10 |
|  7788 | SCOTT  | ANALYST   | 7566 | 1982-12-09 | 3000.00 |   NULL |     20 |
|  7839 | KING   | PRESIDENT | NULL | 1981-11-17 | 5000.00 |   NULL |     10 |
|  7844 | TURNER | SALESMAN  | 7698 | 1981-09-08 | 1500.00 |   0.00 |     30 |
|  7900 | JAMES  | CLERK     | 7698 | 1981-12-03 |  950.00 |   NULL |     30 |
|  7902 | FORD   | ANALYST   | 7566 | 1981-12-03 | 3000.00 |   NULL |     20 |
|  7934 | MILLER | CLERK     | 7782 | 1982-01-23 | 1300.00 |   NULL |     10 |
+-------+--------+-----------+------+------------+---------+--------+--------+
10 rows in set (0.00 sec)

### 9
mysql> select * from EMP where SAL not in(1250,2850);
+-------+--------+-----------+------+------------+---------+--------+--------+
| EMPNO | ENAME  | JOB       | MGR  | HIREDATE   | SAL     | COMM   | DEPTNO |
+-------+--------+-----------+------+------------+---------+--------+--------+
|  7369 | SMITH  | CLERK     | 7902 | 1980-12-17 |  800.00 |   NULL |     20 |
|  7499 | ALLEN  | SALESMAN  | 7698 | 1981-02-20 | 1600.00 | 300.00 |     30 |
|  7566 | JONES  | MANAGER   | 7839 | 1981-04-02 | 2975.00 |   NULL |     20 |
|  7782 | CLARK  | MANAGER   | 7839 | 1981-06-09 | 2450.00 |   NULL |     10 |
|  7788 | SCOTT  | ANALYST   | 7566 | 1982-12-09 | 3000.00 |   NULL |     20 |
|  7839 | KING   | PRESIDENT | NULL | 1981-11-17 | 5000.00 |   NULL |     10 |
|  7844 | TURNER | SALESMAN  | 7698 | 1981-09-08 | 1500.00 |   0.00 |     30 |
|  7876 | ADAMS  | CLERK     | 7788 | 1983-01-12 | 1100.00 |   NULL |     20 |
|  7900 | JAMES  | CLERK     | 7698 | 1981-12-03 |  950.00 |   NULL |     30 |
|  7902 | FORD   | ANALYST   | 7566 | 1981-12-03 | 3000.00 |   NULL |     20 |
|  7934 | MILLER | CLERK     | 7782 | 1982-01-23 | 1300.00 |   NULL |     10 |
+-------+--------+-----------+------+------------+---------+--------+--------+
11 rows in set (0.00 sec)

### 10

mysql> select * from EMP where JOB like 'C_E%K';
+-------+--------+-------+------+------------+---------+------+--------+
| EMPNO | ENAME  | JOB   | MGR  | HIREDATE   | SAL     | COMM | DEPTNO |
+-------+--------+-------+------+------------+---------+------+--------+
|  7369 | SMITH  | CLERK | 7902 | 1980-12-17 |  800.00 | NULL |     20 |
|  7876 | ADAMS  | CLERK | 7788 | 1983-01-12 | 1100.00 | NULL |     20 |
|  7900 | JAMES  | CLERK | 7698 | 1981-12-03 |  950.00 | NULL |     30 |
|  7934 | MILLER | CLERK | 7782 | 1982-01-23 | 1300.00 | NULL |     10 |
+-------+--------+-------+------+------------+---------+------+--------+
4 rows in set (0.00 sec)

### 11

mysql> select * from EMP where COMM is null;
+-------+--------+-----------+------+------------+---------+------+--------+
| EMPNO | ENAME  | JOB       | MGR  | HIREDATE   | SAL     | COMM | DEPTNO |
+-------+--------+-----------+------+------------+---------+------+--------+
|  7369 | SMITH  | CLERK     | 7902 | 1980-12-17 |  800.00 | NULL |     20 |
|  7566 | JONES  | MANAGER   | 7839 | 1981-04-02 | 2975.00 | NULL |     20 |
|  7698 | BLAKE  | MANAGER   | 7839 | 1981-05-01 | 2850.00 | NULL |     30 |
|  7782 | CLARK  | MANAGER   | 7839 | 1981-06-09 | 2450.00 | NULL |     10 |
|  7788 | SCOTT  | ANALYST   | 7566 | 1982-12-09 | 3000.00 | NULL |     20 |
|  7839 | KING   | PRESIDENT | NULL | 1981-11-17 | 5000.00 | NULL |     10 |
|  7876 | ADAMS  | CLERK     | 7788 | 1983-01-12 | 1100.00 | NULL |     20 |
|  7900 | JAMES  | CLERK     | 7698 | 1981-12-03 |  950.00 | NULL |     30 |
|  7902 | FORD   | ANALYST   | 7566 | 1981-12-03 | 3000.00 | NULL |     20 |
|  7934 | MILLER | CLERK     | 7782 | 1982-01-23 | 1300.00 | NULL |     10 |
+-------+--------+-----------+------+------------+---------+------+--------+
10 rows in set (0.00 sec)

### 12
mysql> select * from EMP where COMM is NULL and ENAME like "S%";
- Replaced SAL with COMM
+-------+-------+---------+------+------------+---------+------+--------+
| EMPNO | ENAME | JOB     | MGR  | HIREDATE   | SAL     | COMM | DEPTNO |
+-------+-------+---------+------+------------+---------+------+--------+
|  7369 | SMITH | CLERK   | 7902 | 1980-12-17 |  800.00 | NULL |     20 |
|  7788 | SCOTT | ANALYST | 7566 | 1982-12-09 | 3000.00 | NULL |     20 |
+-------+-------+---------+------+------------+---------+------+--------+
2 rows in set (0.00 sec)


### 13
mysql> select * from EMP where JOB like "_____";
+-------+--------+-------+------+------------+---------+------+--------+
| EMPNO | ENAME  | JOB   | MGR  | HIREDATE   | SAL     | COMM | DEPTNO |
+-------+--------+-------+------+------------+---------+------+--------+
|  7369 | SMITH  | CLERK | 7902 | 1980-12-17 |  800.00 | NULL |     20 |
|  7876 | ADAMS  | CLERK | 7788 | 1983-01-12 | 1100.00 | NULL |     20 |
|  7900 | JAMES  | CLERK | 7698 | 1981-12-03 |  950.00 | NULL |     30 |
|  7934 | MILLER | CLERK | 7782 | 1982-01-23 | 1300.00 | NULL |     10 |
+-------+--------+-------+------+------------+---------+------+--------+
4 rows in set (0.00 sec)

### 14
mysql> select * from EMP where ENAME like "A%" and JOB like "_____";
+-------+-------+-------+------+------------+---------+------+--------+
| EMPNO | ENAME | JOB   | MGR  | HIREDATE   | SAL     | COMM | DEPTNO |
+-------+-------+-------+------+------------+---------+------+--------+
|  7876 | ADAMS | CLERK | 7788 | 1983-01-12 | 1100.00 | NULL |     20 |
+-------+-------+-------+------+------------+---------+------+--------+
1 row in set (0.00 sec)
***
***
mysql> select ENAME,SAL from EMP;
+--------+---------+
| ENAME  | SAL     |
+--------+---------+
| SMITH  |  800.00 |
| ALLEN  | 1600.00 |
| WARD   | 1250.00 |
| JONES  | 2975.00 |
| MARTIN | 1250.00 |
| BLAKE  | 2850.00 |
| CLARK  | 2450.00 |
| SCOTT  | 3000.00 |
| KING   | 5000.00 |
| TURNER | 1500.00 |
| ADAMS  | 1100.00 |
| JAMES  |  950.00 |
| FORD   | 3000.00 |
| MILLER | 1300.00 |
+--------+---------+
14 rows in set (0.00 sec)

### 1
mysql> select ENAME,SAL,DEPTNO from EMP where DEPTNO=20 or DEPTNO=30 or DEPTNO=40;
+--------+---------+--------+
| ENAME  | SAL     | DEPTNO |
+--------+---------+--------+
| SMITH  |  800.00 |     20 |
| ALLEN  | 1600.00 |     30 |
| WARD   | 1250.00 |     30 |
| JONES  | 2975.00 |     20 |
| MARTIN | 1250.00 |     30 |
| BLAKE  | 2850.00 |     30 |
| SCOTT  | 3000.00 |     20 |
| TURNER | 1500.00 |     30 |
| ADAMS  | 1100.00 |     20 |
| JAMES  |  950.00 |     30 |
| FORD   | 3000.00 |     20 |
+--------+---------+--------+
11 rows in set (0.00 sec)

### 2

mysql> select ENAME,JOB,SAL,COMM,SAL+ifnull(COMM,1)+SAL*0.10"Total SAl" from EMP;
+--------+-----------+---------+---------+-----------+
| ENAME  | JOB       | SAL     | COMM    | Total SAl |
+--------+-----------+---------+---------+-----------+
| SMITH  | CLERK     |  800.00 |    NULL |  881.0000 |
| ALLEN  | SALESMAN  | 1600.00 |  300.00 | 2060.0000 |
| WARD   | SALESMAN  | 1250.00 |  500.00 | 1875.0000 |
| JONES  | MANAGER   | 2975.00 |    NULL | 3273.5000 |
| MARTIN | SALESMAN  | 1250.00 | 1400.00 | 2775.0000 |
| BLAKE  | MANAGER   | 2850.00 |    NULL | 3136.0000 |
| CLARK  | MANAGER   | 2450.00 |    NULL | 2696.0000 |
| SCOTT  | ANALYST   | 3000.00 |    NULL | 3301.0000 |
| KING   | PRESIDENT | 5000.00 |    NULL | 5501.0000 |
| TURNER | SALESMAN  | 1500.00 |    0.00 | 1650.0000 |
| ADAMS  | CLERK     | 1100.00 |    NULL | 1211.0000 |
| JAMES  | CLERK     |  950.00 |    NULL | 1046.0000 |
| FORD   | ANALYST   | 3000.00 |    NULL | 3301.0000 |
| MILLER | CLERK     | 1300.00 |    NULL | 1431.0000 |
+--------+-----------+---------+---------+-----------+
14 rows in set (0.01 sec)

### 3

mysql> select * from EMP where HIREDATE<"1986-01-01" and SAL between 1200 and 2500;
+-------+--------+----------+------+------------+---------+---------+--------+
| EMPNO | ENAME  | JOB      | MGR  | HIREDATE   | SAL     | COMM    | DEPTNO |
+-------+--------+----------+------+------------+---------+---------+--------+
|  7499 | ALLEN  | SALESMAN | 7698 | 1981-02-20 | 1600.00 |  300.00 |     30 |
|  7521 | WARD   | SALESMAN | 7698 | 1981-02-22 | 1250.00 |  500.00 |     30 |
|  7654 | MARTIN | SALESMAN | 7698 | 1981-09-28 | 1250.00 | 1400.00 |     30 |
|  7782 | CLARK  | MANAGER  | 7839 | 1981-06-09 | 2450.00 |    NULL |     10 |
|  7844 | TURNER | SALESMAN | 7698 | 1981-09-08 | 1500.00 |    0.00 |     30 |
|  7934 | MILLER | CLERK    | 7782 | 1982-01-23 | 1300.00 |    NULL |     10 |
+-------+--------+----------+------+------------+---------+---------+--------+
6 rows in set (0.03 sec)

### 4
mysql> select EMPNO, ENAME, DEPTNO from EMP where EMPNO=7698;
+-------+-------+--------+
| EMPNO | ENAME | DEPTNO |
+-------+-------+--------+
|  7698 | BLAKE |     30 |
+-------+-------+--------+
1 row in set (0.00 sec)

### 5
mysql> select ENAME,JOB,SAL,DEPTNO from EMP where DEPTNO=10 or DEPTNO=30;
+--------+-----------+---------+--------+
| ENAME  | JOB       | SAL     | DEPTNO |
+--------+-----------+---------+--------+
| ALLEN  | SALESMAN  | 1600.00 |     30 |
| WARD   | SALESMAN  | 1250.00 |     30 |
| MARTIN | SALESMAN  | 1250.00 |     30 |
| BLAKE  | MANAGER   | 2850.00 |     30 |
| CLARK  | MANAGER   | 2450.00 |     10 |
| KING   | PRESIDENT | 5000.00 |     10 |
| TURNER | SALESMAN  | 1500.00 |     30 |
| JAMES  | CLERK     |  950.00 |     30 |
| MILLER | CLERK     | 1300.00 |     10 |
+--------+-----------+---------+--------+
9 rows in set (0.00 sec)

### 6

